{
  "phase": "2_hybrid_quantum_angle_encoding",
  "encoder": "tu-tf_efficientnetv2_s.in21k_ft_in1k",
  "encoding": "angle",
  "n_qubits": 8,
  "n_layers": 3,
  "best_epoch": 12,
  "selection_metric": "tumor_slice_dsc_mean",
  "dsc_mean": 0.6426488757133484,
  "dsc_std": 0.37429681420326233,
  "hd95_mean": 11.447860717773438,
  "n_samples": 2331,
  "classical_baseline": 0.645,
  "delta": -0.002351124286651629,
  "q_weight_norm_final": 0.18111659586429596,
  "train_subsample": 0.7,
  "size_bins": {
    "q25_area": 102.5,
    "q75_area": 790.0,
    "small": {
      "n": 583,
      "dsc_mean": 0.270344078540802,
      "dsc_std": 0.35051584243774414,
      "hd95_mean": 20.058557510375977
    },
    "mid": {
      "n": 1165,
      "dsc_mean": 0.7088654637336731,
      "dsc_std": 0.32098135352134705,
      "hd95_mean": 10.40254020690918
    },
    "large": {
      "n": 583,
      "dsc_mean": 0.8826341032981873,
      "dsc_std": 0.16261610388755798,
      "hd95_mean": 8.340742111206055
    }
  }
}
