{
  "phase": "2_hybrid_quantum_angle_encoding",
  "encoder": "tu-tf_efficientnetv2_s.in21k_ft_in1k",
  "encoding": "angle",
  "n_qubits": 8,
  "n_layers": 3,
  "best_epoch": 21,
  "selection_metric": "tumor_slice_dsc_mean",
  "dsc_mean": 0.6446386575698853,
  "dsc_std": 0.37072238326072693,
  "hd95_mean": 11.729827880859375,
  "n_samples": 2331,
  "classical_baseline": 0.645,
  "delta": -0.00036134243011476386,
  "q_weight_norm_final": 0.2318505346775055,
  "train_subsample": 1,
  "size_bins": {
    "q25_area": 102.5,
    "q75_area": 790.0,
    "small": {
      "n": 583,
      "dsc_mean": 0.2752099931240082,
      "dsc_std": 0.34963124990463257,
      "hd95_mean": 20.863082885742188
    },
    "mid": {
      "n": 1165,
      "dsc_mean": 0.7108261585235596,
      "dsc_std": 0.3165692389011383,
      "hd95_mean": 10.7637357711792
    },
    "large": {
      "n": 583,
      "dsc_mean": 0.8818057775497437,
      "dsc_std": 0.15975773334503174,
      "hd95_mean": 8.007652282714844
    }
  }
}
