{
  "phase": "2_hybrid_quantum_angle_encoding",
  "encoder": "tu-tf_efficientnetv2_s.in21k_ft_in1k",
  "encoding": "angle",
  "n_qubits": 8,
  "n_layers": 3,
  "best_epoch": 21,
  "selection_metric": "tumor_slice_dsc_mean",
  "dsc_mean": 0.6446386575698853,
  "dsc_std": 0.37072238326072693,
  "hd95_mean": 11.729827880859375,
  "n_samples": 2331,
  "classical_baseline": 0.645,
  "delta": -0.00036134243011476386,
  "q_weight_norm_final": 0.2318505346775055,
  "train_subsample": 1,
  "size_bins": {
    "q25_area": 102.5,
    "q75_area": 790.0,
    "small": {
      "n": 583,
      "dsc_mean": 0.2752099931240082,
      "dsc_std": 0.34963124990463257,
      "hd95_mean": 20.863082885742188
    },
    "mid": {
      "n": 1165,
      "dsc_mean": 0.7108261585235596,
      "dsc_std": 0.3165692389011383,
      "hd95_mean": 10.7637357711792
    },
    "large": {
      "n": 583,
      "dsc_mean": 0.8818057775497437,
      "dsc_std": 0.15975773334503174,
      "hd95_mean": 8.007652282714844
    }
  },
  "classical_control": {
    "phase": "2_classical_control_eval",
    "encoder": "tu-tf_efficientnetv2_s.in21k_ft_in1k",
    "source_checkpoint": "/kaggle/input/datasets/srihasrc/brats-classical-model/best_model.pth",
    "dsc_mean": 0.6450344920158386,
    "dsc_std": 0.36922168731689453,
    "hd95_mean": 12.42240047454834,
    "n_samples": 2331,
    "size_bins": {
      "q25_area": 102.5,
      "q75_area": 790.0,
      "small": {
        "n": 583,
        "dsc_mean": 0.2736970782279968,
        "dsc_std": 0.34829968214035034,
        "hd95_mean": 21.315147399902344
      },
      "mid": {
        "n": 1165,
        "dsc_mean": 0.7106069922447205,
        "dsc_std": 0.31306707859039307,
        "hd95_mean": 11.446917533874512
      },
      "large": {
        "n": 583,
        "dsc_mean": 0.8853394389152527,
        "dsc_std": 0.15384474396705627,
        "hd95_mean": 8.901220321655273
      }
    }
  },
  "delta_vs_classical_control": -0.00039583444595336914
}
