{
  "phase": "2_hybrid_quantum_angle_encoding",
  "encoder": "tu-tf_efficientnetv2_s.in21k_ft_in1k",
  "encoding": "angle",
  "n_qubits": 8,
  "n_layers": 3,
  "best_epoch": 15,
  "dsc_mean": 0.605951189994812,
  "dsc_std": 0.3686673045158386,
  "hd95_mean": 0.0,
  "n_samples": 2331,
  "classical_baseline": 0.645,
  "delta": -0.039048810005188006,
  "q_weight_norm_final": 0.24857498705387115,
  "train_subsample": 0.7
}
